use sigef;
/*CARGA DE DATOS
INSERCION DE PROVINCIA*/
INSERT INTO provincia(nombre) values('Formosa');

/*Inserción de Localidades*/
INSERT INTO localidad(nombre,id_provincia) values('Capital',1),
('Clorinda',1),('Laguna Yema',1),('General Belgrano',1),('General Guemes',1),('Herradura',1),('Mansilla',1),
('Villa Escolar',1),('Las Lomitas',1),('Pozo del Tigre',1),('Ingeniero Juarez',1),('Ibarreta',1),('Comandante Fontana',1),
('Bartolome de las Casas',1),('Espinillo',1),('Tres Lagunas',1),('Mision Tacaagle',1);

/*Inserción de Instituciones*/
INSERT INTO institucion(id_institucion, nombre, id_localidad) VALUES
(1, 'NEP Y FP N° 1', 1),
(2, 'NEP Y FP N° 4', 1),
(3, 'NEP Y FP N° 5', 1),
(4, 'NEP Y FP N° 15', 1),
(5, 'NEP Y FP N° 16', 1),
(6, 'NEP Y FP N° 25', 1),
(7, 'NEP Y FP N° 29', 1),
(8, 'NEP Y FP N° 30', 1),
(9, 'NEP Y FP N° 31', 1),
(10, 'NEP Y FP N° 36', 1),
(11, 'NEP Y FP N° 44', 1),
(12, 'NEP Y FP N° 2', 2),
(13, 'NEP Y FP N° 24', 2),
(14, 'NEP Y FP N° 7', 2),
(15, 'NEP Y FP N° 34', 3),
(16, 'NEP Y FP N° 35', 4),
(17, 'NEP Y FP N° 23', 5),
(18, 'NEP Y FP N° 19', 6),
(19, 'NEP Y FP N° 26', 7),
(20, 'NEP Y FP N° 32', 8),
(21, 'NEP Y FP N° 43', 9),
(22, 'NEP Y FP N°  8', 10),
(23, 'CESEP N° 7', 10),
(24, 'NEP Y FP N°  9', 11),
(25, 'NEP Y FP N° 17', 12),
(26, 'NEP Y FP N° 3', 13),
(27, 'NEP Y FP N° 6', 14),
(28, 'NEP Y FP N° 14', 15),
(29, 'NEP Y FP N° 28', 16),
(30, 'NEP Y FP N°  22', 17),
(31, 'NEP Y FP N°  40', 18),
(32, 'NEP Y FP N°  45', 19),
(33, 'CESEP N°  123', 19);
/*Inserción de Unidades dependientes*/
INSERT INTO unidaddependiente(id_unidaddependiente, nombre, direccion, id_institucion) VALUES
(1, 'NEP Y FP N° 1 - Unidad 1', 'Calle 598', 1),
(2, 'NEP Y FP N° 1 - Unidad 2', 'Calle 845', 1),
(3, 'NEP Y FP N° 1 - Unidad 3', 'Calle 462', 1),
(4, 'NEP Y FP N° 4 - Unidad 1', 'Calle 441', 2),
(5, 'NEP Y FP N° 4 - Unidad 2', 'Calle 317', 2),
(6, 'NEP Y FP N° 4 - Unidad 3', 'Calle 333', 2),
(7, 'NEP Y FP N° 4 - Unidad 4', 'Calle 189', 2),
(8, 'NEP Y FP N° 5 - Unidad 1', 'Calle 408', 3),
(9, 'NEP Y FP N° 5 - Unidad 2', 'Calle 890', 3),
(10, 'NEP Y FP N° 5 - Unidad 3', 'Calle 770', 3),
(11, 'NEP Y FP N° 15 - Unidad 1', 'Calle 207', 4),
(12, 'NEP Y FP N° 16 - Unidad 1', 'Calle 446', 5),
(13, 'NEP Y FP N° 16 - Unidad 2', 'Calle 831', 5),
(14, 'NEP Y FP N° 16 - Unidad 3', 'Calle 498', 5),
(15, 'NEP Y FP N° 16 - Unidad 4', 'Calle 324', 5),
(16, 'NEP Y FP N° 16 - Unidad 5', 'Calle 206', 5),
(17, 'NEP Y FP N° 29 - Unidad 1', 'Calle 294', 7),
(18, 'NEP Y FP N° 30 - Unidad 1', 'Calle 222', 8),
(19, 'NEP Y FP N° 36 - Unidad 1', 'Calle 613', 10),
(20, 'NEP Y FP N° 36 - Unidad 2', 'Calle 280', 10),
(21, 'NEP Y FP N° 36 - Unidad 3', 'Calle 372', 10),
(22, 'NEP Y FP N° 44 - Unidad 1', 'Calle 434', 11),
(23, 'NEP Y FP N° 44 - Unidad 2', 'Calle 234', 11),
(24, 'NEP Y FP N° 2 - Unidad 1', 'Calle 563', 12),
(25, 'NEP Y FP N° 2 - Unidad 2', 'Calle 523', 12),
(26, 'NEP Y FP N° 24 - Unidad 1', 'Calle 102', 13),
(27, 'NEP Y FP N° 24 - Unidad 2', 'Calle 474', 13),
(28, 'NEP Y FP N° 7 - Unidad 1', 'Calle 235', 14),
(29, 'NEP Y FP N° 7 - Unidad 2', 'Calle 937', 14),
(30, 'NEP Y FP N° 34 - Unidad 1', 'Calle 949', 15),
(31, 'NEP Y FP N° 34 - Unidad 2', 'Calle 605', 15),
(32, 'NEP Y FP N° 35 - Unidad 1', 'Calle 255', 16),
(33, 'NEP Y FP N° 35 - Unidad 2', 'Calle 544', 16),
(34, 'NEP Y FP N° 35 - Unidad 3', 'Calle 331', 16),
(35, 'NEP Y FP N° 35 - Unidad 4', 'Calle 574', 16),
(36, 'NEP Y FP N° 23 - Unidad 1', 'Calle 939', 17),
(37, 'NEP Y FP N° 26 - Unidad 1', 'Calle 688', 19),
(38, 'NEP Y FP N° 26 - Unidad 2', 'Calle 750', 19),
(39, 'NEP Y FP N° 26 - Unidad 3', 'Calle 146', 19),
(40, 'NEP Y FP N° 26 - Unidad 4', 'Calle 376', 19),
(41, 'NEP Y FP N° 26 - Unidad 5', 'Calle 210', 19),
(42, 'NEP Y FP N° 32 - Unidad 1', 'Calle 110', 20),
(43, 'NEP Y FP N° 32 - Unidad 2', 'Calle 227', 20),
(44, 'NEP Y FP N° 43 - Unidad 1', 'Calle 425', 21),
(45, 'NEP Y FP N°  8 - Unidad 1', 'Calle 134', 22),
(46, 'CESEP N° 7 - Unidad 1', 'Calle 469', 23),
(47, 'CESEP N° 7 - Unidad 2', 'Calle 937', 23),
(48, 'CESEP N° 7 - Unidad 3', 'Calle 664', 23),
(49, 'NEP Y FP N°  9 - Unidad 1', 'Calle 148', 24),
(50, 'NEP Y FP N°  9 - Unidad 2', 'Calle 817', 24),
(51, 'NEP Y FP N°  9 - Unidad 3', 'Calle 724', 24),
(52, 'NEP Y FP N° 17 - Unidad 1', 'Calle 813', 25),
(53, 'NEP Y FP N° 17 - Unidad 2', 'Calle 199', 25),
(54, 'NEP Y FP N° 17 - Unidad 3', 'Calle 622', 25),
(55, 'NEP Y FP N° 17 - Unidad 4', 'Calle 110', 25),
(56, 'NEP Y FP N° 17 - Unidad 5', 'Calle 962', 25),
(57, 'NEP Y FP N° 3 - Unidad 1', 'Calle 697', 26),
(58, 'NEP Y FP N° 3 - Unidad 2', 'Calle 166', 26),
(59, 'NEP Y FP N° 3 - Unidad 3', 'Calle 699', 26),
(60, 'NEP Y FP N° 3 - Unidad 4', 'Calle 308', 26),
(61, 'NEP Y FP N° 3 - Unidad 5', 'Calle 981', 26),
(62, 'NEP Y FP N° 6 - Unidad 1', 'Calle 777', 27),
(63, 'NEP Y FP N° 6 - Unidad 2', 'Calle 923', 27),
(64, 'NEP Y FP N° 6 - Unidad 3', 'Calle 406', 27),
(65, 'NEP Y FP N° 6 - Unidad 4', 'Calle 877', 27),
(66, 'NEP Y FP N° 14 - Unidad 1', 'Calle 203', 28),
(67, 'NEP Y FP N° 14 - Unidad 2', 'Calle 715', 28),
(68, 'NEP Y FP N° 28 - Unidad 1', 'Calle 368', 29),
(69, 'NEP Y FP N° 28 - Unidad 2', 'Calle 628', 29),
(70, 'NEP Y FP N° 28 - Unidad 3', 'Calle 305', 29),
(71, 'NEP Y FP N°  22 - Unidad 1', 'Calle 562', 30),
(72, 'NEP Y FP N°  22 - Unidad 2', 'Calle 596', 30),
(73, 'NEP Y FP N°  22 - Unidad 3', 'Calle 974', 30),
(74, 'NEP Y FP N°  22 - Unidad 4', 'Calle 810', 30),
(75, 'NEP Y FP N°  40 - Unidad 1', 'Calle 571', 31),
(76, 'NEP Y FP N°  40 - Unidad 2', 'Calle 357', 31),
(77, 'NEP Y FP N°  40 - Unidad 3', 'Calle 351', 31),
(78, 'NEP Y FP N°  40 - Unidad 4', 'Calle 183', 31),
(79, 'NEP Y FP N°  45 - Unidad 1', 'Calle 988', 32),
(80, 'NEP Y FP N°  45 - Unidad 2', 'Calle 991', 32),
(81, 'NEP Y FP N°  45 - Unidad 3', 'Calle 479', 32),
(82, 'NEP Y FP N°  45 - Unidad 4', 'Calle 123', 32),
(83, 'CESEP N°  123 - Unidad 1', 'Calle 302', 33),
(84, 'CESEP N°  123 - Unidad 2', 'Calle 211', 33),
(85, 'CESEP N°  123 - Unidad 3', 'Calle 382', 33),
(86, 'CESEP N°  123 - Unidad 4', 'Calle 221', 33);

/*Inserción de Niveles*/
INSERT INTO nivel(nombre) values ('Terminalidad Primaria'),('Capacitación Laboral'),('Formación Profesional');

/*Inserción de Tipo de Capacitación*/
INSERT INTO tipocapacitacion(nombre, id_nivel, resolucion) VALUES
('ASITENTE APÍCOLA', 3, '4458/15'),
('OPERARIO HORTICOLA', 3, '4458/15'),
('AUXILIAR EN CONSTRUCCIONES', 3, 'S/N'),
('ALBAÑIL', 3, '3515/15'),
('AUXILIAR EN INSTALACIONES ELECTRICAS DOMICILIARIAS', 3, '3515/15'),
('MONTADOR ELECTRICISTA DOMICILIARIO', 3, '4124/18'),
('AUXILIAR EN INSTALACIONES SANITARIAS', 3, '4124/18'),
('MONTADOR DE INSTALACIONES SANITARIAS DOMICILIARIAS', 3, '4383/15'),
('AUXILIAR MECÁNICO DE MOTORES NAFTEROS', 3, '4383/15'),
('OPERADOR DE IMFORMÁTICA PARA LA ADMINISTRACIÓN Y GESTIÓN', 3, '5566/15'),
('HERRERO/A', 3, '4708/12'),
('ORGANIZADOR/A DE EVENTOS', 3, 'S/N'),
('AUXILIAR GASTRONÓMICO', 3, 'S/N'),
('COCINERO/A', 3, '1844/18'),
('PANADERO/A', 3, '1844/18'),
('PASTELERO/A', 3, '1844/18'),
('CONFECCIONISTA A MEDIDA: MODISTO/A', 3, '1844/18'),
('MECÁNICO DE MOTOS', 3, '4360/15'),
('PELUQUERO/A', 3, '624/07'),
('AUXILIAR DE FAMILIA ESPECIALIZADO EN CUIDADOS', 3, '3330/07'),
('AUXILIAR EN CUIDADOS GEREONTOLOGICOS', 3, '3260/19'),
('REPARADOR DE RADIO Y TV', 2, '624/07'),
('ARMADOR Y REPARADOR DE PC', 2, '4705/09'),
('CONTABILIDAD', 2, '624/07'),
('PINTURA SOBRE TELA', 2, '624/07'),
('ARTESANIA MANUAL', 2, '624/07'),
('INSEMINACIÓN ARTIFICIAL GANADERA', 2, '624/07'),
('MANTENIMIENTO DE EDIFICIO', 2, '624/07'),
('ADMINISTRACIÓN DE REDES', 2, '4705/09'),
('BELLEZA INTEGRAL', 2, '3330/07'),
('TEJIDO ARTESANAL', 2, '624/07'),
('ASISTENTE EN TURISMO', 2, '624/07'),
('ADMINISTRACION Y GESTIÓN DE MICROEMPRENDIMIENTO', 2, '624/07'),
('ARTESANÍA EN MADERA', 2, '624/07'),
('ELABORACIÓN DE COMIDAS PARA CATERING', 2, '624/07'),
('REPARADOR DE ELECTRODOMÉSTICOS', 2, '624/07'),
('MECÁNICA DENTAL ESPECIALIZADO EN PRÓTESIS REMOVIBLES DE ACRÍLICO', 2, '624/07'),
('MECÁNICA GENERAL', 2, '624/07'),
('RELOJERÍA', 2, '624/07'),
('CARPINTERO/A DE MELAMINA', 2, '624/07'),
('CARPINTERÍA CREATIVA', 2, '624/07'),
('ARTESANIA EN CHAGUAR', 2, '624/07'),
('AUXILIAR AGROPECUARIO', 2, '624/07'),
('AUXILIAR EN GANADERÍA', 2, '624/07'),
('AUXILIAR EN INSTALACIÓN Y EXPLOTACIÓN DE APIARIO', 2, '624/07'),
('HUERTA Y JARDINERIA', 2, '624/07'),
('JARDINERIA', 2, '624/07'),
('JARDINERIA Y PRODUCCION BAJO CUBIERTA', 2, '624/07'),
('MECANICA LIGERA', 2, '624/07'),
('PRODUCCION FRUTIHORTICOLA', 2, '624/07'),
('REPARACION DE IMPLEMENTOS AGRICOLAS', 2, '624/07'),
('SOLDADURA ELÉCTRICA', 2, '624/07'),
('MECANICA DE MOTOS', 2, '624/07'),
('AUXILIAR EN PRODUCCIÓN VEGETAL', 2, '624/07');

/*Insercion de Alumnos*/
INSERT INTO alumno(id_alumno, nombre, apellido, dni, fechaNacimiento) VALUES
(1, 'Martín', 'Iglesias', '87233340', '1985-04-15'),
(2, 'José Manuel', 'Cabrera', '11739285', '1981-12-29'),
(3, 'Carmina', 'Arellano', '18175161', '1977-12-10'),
(4, 'Remedios', 'Viña', '67109092', '1981-09-21'),
(5, 'Jordán', 'Espejo', '60203842', '2006-07-03'),
(6, 'Lina', 'Corral', '31979582', '1972-06-04'),
(7, 'Gaspar', 'Julián', '50111666', '2002-07-06'),
(8, 'Amada', 'Olmedo', '35862807', '2006-04-09'),
(9, 'Iris', 'Larrañaga', '62797215', '1990-03-09'),
(10, 'Édgar', 'Ortuño', '42021301', '1974-12-20'),
(11, 'Demetrio', 'Naranjo', '97239995', '1974-07-27'),
(12, 'Ascensión', 'Casanovas', '27517920', '1988-07-08'),
(13, 'Ema', 'Jordán', '45391655', '2005-03-10'),
(14, 'Rogelio', 'Acuña', '54797505', '1970-08-07'),
(15, 'Régulo', 'Porras', '33175836', '1993-06-29'),
(16, 'Jesús', 'Quintana', '37141862', '1992-01-11'),
(17, 'Socorro', 'Viñas', '68891180', '2002-12-23'),
(18, 'Eusebio', 'Vilaplana', '78374037', '2006-12-28'),
(19, 'Vidal', 'Macias', '88595471', '1984-10-25'),
(20, 'Gabriel', 'Fuertes', '26578563', '2005-03-25'),
(21, 'Anabel', 'Bueno', '65996220', '2004-07-24'),
(22, 'Ceferino', 'Amador', '30951910', '1992-11-23'),
(23, 'Modesta', 'Valls', '28372971', '1978-03-23'),
(24, 'Dorita', 'Jordán', '36312353', '2001-02-03'),
(25, 'Reyes', 'Saez', '79102400', '1983-07-07'),
(26, 'Onofre', 'Farré', '79355882', '2005-07-19'),
(27, 'Leandra', 'Oller', '72213608', '1981-07-31'),
(28, 'Virgilio', 'Lluch', '55586308', '1973-09-17'),
(29, 'Coral', 'Reyes', '26555110', '1980-03-17'),
(30, 'Ester', 'Benet', '54074669', '1975-01-10'),
(31, 'Guillermo', 'García', '86825708', '1982-10-15'),
(32, 'Prudencio', 'Beltran', '52714725', '1971-10-31'),
(33, 'Reyes', 'Barreda', '73047956', '1985-04-17'),
(34, 'Violeta', 'Alonso', '98443710', '2001-05-18'),
(35, 'Segismundo', 'Royo', '52067133', '1976-07-01'),
(36, 'Consuelo', 'Garcia', '35828654', '1976-04-26'),
(37, 'Leandra', 'Gelabert', '51164491', '1988-02-19'),
(38, 'Juan Luis', 'Palomino', '25542230', '1977-12-18'),
(39, 'Sancho', 'Vilanova', '68546300', '1985-07-01'),
(40, 'Encarnacion', 'Reyes', '30881210', '2002-09-29'),
(41, 'Agustina', 'Tur', '68584231', '1994-01-15'),
(42, 'Ignacio', 'Ribes', '39006104', '1972-09-20'),
(43, 'Rocío', 'Herrero', '42639870', '2001-01-08'),
(44, 'Rosalinda', 'Segovia', '52066618', '1988-04-11'),
(45, 'Apolinar', 'Llabrés', '27409556', '1997-08-05'),
(46, 'Rosa', 'Alcaraz', '37726543', '1996-02-03'),
(47, 'Juan Luis', 'Alcázar', '77891302', '1984-08-03'),
(48, 'Inocencio', 'León', '90902857', '1975-09-30'),
(49, 'Domitila', 'Herrera', '16272123', '1976-04-05'),
(50, 'Mercedes', 'Caro', '26657528', '1992-03-01'),
(51, 'Obdulia', 'Calvet', '13351325', '2000-04-06'),
(52, 'Marcelo', 'Ariza', '16201380', '1970-07-16'),
(53, 'Lidia', 'Navarrete', '49219347', '1980-07-05'),
(54, 'Carmen', 'Sainz', '44262795', '1987-12-18'),
(55, 'Delia', 'Julián', '50994497', '1981-04-03'),
(56, 'Alberto', 'Nicolás', '14780312', '1980-01-26'),
(57, 'Trini', 'Garay', '77545464', '1990-10-01'),
(58, 'Guiomar', 'Parra', '88600076', '1995-06-15'),
(59, 'Olalla', 'Albero', '57672747', '1981-05-22'),
(60, 'Aura', 'Manso', '34364261', '1997-07-03'),
(61, 'Ruy', 'Simó', '61902838', '2004-01-02'),
(62, 'Amarilis', 'Taboada', '64209152', '2000-07-28'),
(63, 'Isa', 'Reyes', '22866563', '1971-12-13'),
(64, 'Yéssica', 'Ropero', '71207274', '1977-01-18'),
(65, 'Filomena', 'Nogueira', '54686386', '1984-04-16'),
(66, 'Manuel', 'Fernandez', '29074753', '1997-03-30'),
(67, 'Ricarda', 'Escribano', '36413008', '1973-03-11'),
(68, 'Magdalena', 'Casares', '13779217', '1974-09-22'),
(69, 'Palmira', 'Marí', '84419344', '1969-11-24'),
(70, 'Toribio', 'Peláez', '78500261', '1987-02-23'),
(71, 'Gloria', 'Villar', '85187703', '1986-10-18'),
(72, 'Dionisia', 'Izaguirre', '55675124', '2005-09-09'),
(73, 'Rafa', 'Mir', '36655100', '1978-05-23'),
(74, 'Violeta', 'Rivero', '56387875', '1975-08-22'),
(75, 'Martin', 'Morillo', '82619563', '1979-09-29'),
(76, 'Trinidad', 'Azcona', '16526017', '1979-05-16'),
(77, 'Albano', 'Pagès', '74841156', '1987-10-15'),
(78, 'Fabricio', 'Moll', '70410751', '1981-02-14'),
(79, 'Maribel', 'Bermúdez', '49922019', '1984-01-30'),
(80, 'Cosme', 'Luz', '24825052', '1992-11-11'),
(81, 'Álvaro', 'Collado', '45192249', '1985-10-26'),
(82, 'Azahar', 'Palomo', '46110669', '1995-03-10'),
(83, 'Rafa', 'Mármol', '12466875', '1982-08-03'),
(84, 'Jeremías', 'Ocaña', '79524322', '1998-11-29'),
(85, 'Roberta', 'Burgos', '33791960', '1989-02-13'),
(86, 'Emilia', 'Ferrer', '88042707', '1974-06-19'),
(87, 'Itziar', 'Codina', '85700227', '1997-05-28'),
(88, 'Loreto', 'Andreu', '65944152', '1980-12-06'),
(89, 'Adela', 'Cantón', '97455381', '1989-05-02'),
(90, 'Alexandra', 'Lastra', '69601184', '2005-01-22'),
(91, 'Carmelita', 'Beltrán', '36319133', '1983-09-30'),
(92, 'Jose Ignacio', 'Canet', '37899547', '1974-04-28'),
(93, 'Paola', 'Morante', '49845974', '1987-09-02'),
(94, 'Dimas', 'Delgado', '89813383', '2006-03-13'),
(95, 'Urbano', 'Melero', '33042562', '1982-05-27'),
(96, 'Jaime', 'Franch', '36585615', '1981-07-03'),
(97, 'Paulino', 'Manzanares', '82327783', '1974-11-07'),
(98, 'Beatriz', 'Sarabia', '27939324', '1974-03-09'),
(99, 'Miguela', 'Bauzà', '37294393', '1982-05-15'),
(100, 'Aníbal', 'Ayuso', '25044564', '1985-01-24'),
(101, 'Mamen', 'Alfonso', '33375334', '1973-03-04'),
(102, 'Renato', 'Llorente', '78730773', '1971-05-31'),
(103, 'Venceslás', 'Piñol', '44319124', '1982-06-14'),
(104, 'Roque', 'Casares', '76342157', '1994-07-05'),
(105, 'Ruben', 'Oliver', '80318160', '1997-10-11'),
(106, 'Marciano', 'Donoso', '15330280', '1973-07-09'),
(107, 'Epifanio', 'Vélez', '15757260', '1995-05-04'),
(108, 'Marcela', 'Torre', '10641307', '1982-12-09'),
(109, 'Domitila', 'Olivares', '38661254', '1978-04-15'),
(110, 'Francisco', 'Peiró', '73718541', '1976-10-01'),
(111, 'Haroldo', 'Palau', '97317587', '1996-01-04'),
(112, 'Geraldo', 'Ibarra', '10992586', '1995-05-15'),
(113, 'Cayetana', 'Perales', '78325703', '1987-09-01'),
(114, 'Carmelita', 'Sureda', '96570990', '1979-03-20'),
(115, 'Marita', 'Reguera', '79346624', '1984-07-20'),
(116, 'Hernando', 'Noriega', '93291569', '1996-02-26'),
(117, 'Estela', 'Iniesta', '25139249', '1989-07-23'),
(118, 'Dalila', 'Ayala', '79029912', '1999-10-16'),
(119, 'Javier', 'Vera', '96772447', '2005-04-10'),
(120, 'Guiomar', 'Catalán', '29948840', '1983-02-25'),
(121, 'Natanael', 'Querol', '76884894', '1983-11-19'),
(122, 'Natalia', 'Cózar', '81442905', '1987-06-04'),
(123, 'Carmina', 'Oliva', '64486146', '1972-12-06'),
(124, 'Ángeles', 'Roma', '66301192', '1984-06-23'),
(125, 'Maricruz', 'Mas', '91833151', '2002-10-14'),
(126, 'Ruy', 'Guerra', '36607343', '1999-04-13'),
(127, 'Felicia', 'Guzmán', '17024330', '1992-09-19'),
(128, 'Teo', 'Pazos', '14360991', '1977-05-28'),
(129, 'Luis Miguel', 'Fajardo', '95080740', '1999-12-19'),
(130, 'Efraín', 'Villalonga', '68776419', '1979-11-04'),
(131, 'Fidel', 'Guillén', '44258486', '1976-05-08'),
(132, 'Rebeca', 'Arellano', '73326264', '1982-10-18'),
(133, 'Tito', 'Larrea', '69224005', '1990-05-28'),
(134, 'Narciso', 'Román', '93256390', '1993-12-20'),
(135, 'Guiomar', 'Amat', '80634582', '1985-05-21'),
(136, 'Jesusa', 'Alberdi', '70906367', '2003-02-08'),
(137, 'Alcides', 'Palau', '15100161', '1991-01-30'),
(138, 'Ceferino', 'Ariño', '99180408', '2007-02-12'),
(139, 'Íngrid', 'Contreras', '77474956', '2001-05-18'),
(140, 'Vilma', 'Morán', '44416762', '1983-02-03'),
(141, 'Isaac', 'Capdevila', '96942019', '1994-04-20'),
(142, 'Dionisia', 'Puga', '45954875', '1972-07-24'),
(143, 'Elpidio', 'Vall', '86230003', '1992-11-09'),
(144, 'Iker', 'Segovia', '22643477', '1971-06-16'),
(145, 'Nicanor', 'Guitart', '36917607', '2003-07-06'),
(146, 'Ramona', 'Carreras', '56940174', '1975-12-12'),
(147, 'Emigdio', 'Alarcón', '85889968', '1993-04-09'),
(148, 'Teo', 'Arellano', '47236206', '2005-08-04'),
(149, 'Nieves', 'Serna', '82531038', '1998-01-23'),
(150, 'Berto', 'Carrera', '44650666', '1979-10-19'),
(151, 'Ana', 'Farré', '95366089', '1982-06-21'),
(152, 'Amarilis', 'Moreno', '34436660', '1977-11-12'),
(153, 'Elba', 'Pinto', '81074117', '1974-07-13'),
(154, 'Dafne', 'Abad', '62690705', '1987-11-29'),
(155, 'Faustino', 'Menendez', '40177985', '2006-08-13'),
(156, 'Javiera', 'Verdugo', '30543335', '1995-07-05'),
(157, 'Ariadna', 'Chico', '45079874', '1980-12-10'),
(158, 'Marina', 'Pera', '99523120', '1980-12-11'),
(159, 'Amando', 'Canals', '70943566', '1972-08-12'),
(160, 'María Dolores', 'Peralta', '79134034', '1979-02-17'),
(161, 'Bautista', 'Romeu', '35796160', '1972-07-28'),
(162, 'Emiliana', 'Gaya', '47540982', '1979-12-13'),
(163, 'Moreno', 'Amo', '75106986', '2006-06-19'),
(164, 'Trinidad', 'Garmendia', '66069746', '1995-03-09'),
(165, 'Diego', 'Crespo', '59448313', '1980-11-09'),
(166, 'Encarnacion', 'Álamo', '48842577', '1980-01-23'),
(167, 'Feliciano', 'Carrión', '53752520', '1976-09-29'),
(168, 'Noa', 'Maldonado', '85622837', '2003-09-13'),
(169, 'María', 'Carbonell', '73511290', '1986-05-26'),
(170, 'Esteban', 'Cantero', '57187027', '2006-07-05'),
(171, 'Tania', 'Sevilla', '86151686', '1991-11-17'),
(172, 'Graciano', 'Colom', '29558533', '1989-06-02'),
(173, 'Dolores', 'Barrio', '24363396', '1993-05-15'),
(174, 'Amaya', 'Doménech', '35275471', '1970-08-13'),
(175, 'Cebrián', 'Sala', '38790244', '1980-09-13'),
(176, 'Jordi', 'Neira', '57434268', '2001-08-19'),
(177, 'Flavio', 'Quintana', '53686313', '1976-10-23'),
(178, 'Graciela', 'Cueto', '93116743', '1983-10-29'),
(179, 'Luis', 'Arias', '97055678', '1971-11-11'),
(180, 'Rosalinda', 'Carvajal', '72705470', '1990-10-26'),
(181, 'Ildefonso', 'Gabaldón', '83676196', '2001-04-07'),
(182, 'Antonia', 'Peiró', '70415900', '1985-01-20'),
(183, 'Blas', 'Torrecilla', '97910049', '1996-08-15'),
(184, 'Severiano', 'Barrio', '52620521', '2007-04-09'),
(185, 'Alberto', 'Gibert', '23445937', '1970-08-10'),
(186, 'Liliana', 'Lluch', '32778935', '1970-10-24'),
(187, 'María Manuela', 'Zamora', '19376295', '1992-04-30'),
(188, 'Cirino', 'Pujol', '49688585', '1988-11-19'),
(189, 'Julián', 'Peláez', '92390896', '2005-04-11'),
(190, 'Segismundo', 'Baeza', '82680195', '1993-07-02'),
(191, 'Amarilis', 'Olivares', '89818090', '2001-02-17'),
(192, 'Venceslás', 'Roca', '80281632', '2003-09-25'),
(193, 'Leire', 'Giménez', '23339191', '1976-03-22'),
(194, 'Nerea', 'Boada', '81828278', '2002-04-10'),
(195, 'Marino', 'Armengol', '47846613', '1988-03-12'),
(196, 'Camila', 'Coello', '67948024', '1988-06-11'),
(197, 'Eliana', 'Trujillo', '32617048', '1975-02-02'),
(198, 'Francisco', 'Lastra', '76948820', '1987-03-26'),
(199, 'Fabricio', 'Llabrés', '88687698', '1975-04-13'),
(200, 'Aarón', 'Plana', '11528898', '1985-08-19'),
(201, 'Quirino', 'Gordillo', '66492728', '1993-10-01'),
(202, 'Gabriel', 'Quirós', '78763582', '1997-08-21'),
(203, 'Kike', 'Anglada', '19541764', '1982-12-19'),
(204, 'Melchor', 'Tello', '59656522', '2005-06-09'),
(205, 'León', 'Murcia', '64526020', '1998-04-07'),
(206, 'Zaira', 'Montoya', '46198712', '1974-08-01'),
(207, 'Baudelio', 'Prat', '80001340', '1988-05-05'),
(208, 'Rosalina', 'Rojas', '78615795', '1983-01-12'),
(209, 'Amelia', 'Cárdenas', '15437931', '1988-10-04'),
(210, 'Jose Ignacio', 'Contreras', '70027845', '1995-06-30'),
(211, 'Ricarda', 'Marin', '18962381', '1973-02-05'),
(212, 'Quique', 'Diaz', '78714369', '1999-09-13'),
(213, 'Maribel', 'Ferrández', '57764744', '1972-08-02'),
(214, 'Renato', 'Ferrando', '49968535', '1970-09-14'),
(215, 'Angelita', 'Benítez', '25040393', '2003-09-20'),
(216, 'Rolando', 'Sotelo', '61717743', '2005-04-13'),
(217, 'Encarnita', 'Aguirre', '19625371', '1992-07-03'),
(218, 'Omar', 'Grau', '67367111', '1982-06-11'),
(219, 'Adrián', 'Barros', '50851835', '1971-11-27'),
(220, 'Isidora', 'Gutierrez', '61379723', '2000-05-16'),
(221, 'Vanesa', 'Adán', '28282409', '2007-04-24'),
(222, 'Tania', 'Cueto', '17876109', '1989-10-31'),
(223, 'Elisa', 'Jurado', '62135632', '1974-08-08'),
(224, 'Regina', 'Malo', '78992214', '1996-02-11'),
(225, 'Valero', 'Riba', '76902981', '1973-11-14'),
(226, 'Lorenza', 'Ramírez', '85818102', '1991-02-13'),
(227, 'Olivia', 'Ayuso', '44556190', '1986-07-30'),
(228, 'Aura', 'Vergara', '86026799', '1992-06-04'),
(229, 'Verónica', 'Díez', '23716544', '1977-07-01'),
(230, 'Néstor', 'Berrocal', '16420679', '2004-07-05'),
(231, 'Emigdio', 'Raya', '44238359', '2000-01-31'),
(232, 'Vasco', 'Gisbert', '33622189', '1990-09-01'),
(233, 'Toño', 'Lladó', '89787275', '1993-06-21'),
(234, 'Zoraida', 'Barón', '13500347', '1982-04-19'),
(235, 'Eva', 'Asenjo', '43447730', '1993-04-12'),
(236, 'Cruz', 'Cuesta', '56918500', '1975-01-29'),
(237, 'Salud', 'Herrero', '65915473', '1994-08-11'),
(238, 'Pablo', 'Morcillo', '45397238', '1970-07-14'),
(239, 'Aristides', 'Marín', '22740544', '1978-11-26'),
(240, 'Lope', 'Calvo', '16477937', '1976-04-10'),
(241, 'Adelardo', 'Iglesias', '49869016', '1971-03-05'),
(242, 'Teobaldo', 'Polo', '26402096', '1992-10-03'),
(243, 'Cebrián', 'Muñoz', '18546174', '1989-01-04'),
(244, 'Maite', 'Portillo', '82617325', '1991-04-23'),
(245, 'Tamara', 'Saavedra', '94413085', '1981-04-12'),
(246, 'Elodia', 'Olivé', '30573141', '1970-12-26'),
(247, 'Natanael', 'Saavedra', '29663883', '2007-02-21'),
(248, 'José Manuel', 'Anaya', '31165221', '1982-06-13'),
(249, 'Hernando', 'Franch', '82348570', '1993-12-05'),
(250, 'Raúl', 'Barco', '29217173', '1970-01-18'),
(251, 'Blanca', 'Lucena', '70440105', '1983-04-26'),
(252, 'Primitiva', 'Coronado', '11770780', '2006-03-04'),
(253, 'Desiderio', 'Balaguer', '21991107', '1972-08-02'),
(254, 'Mayte', 'Cortes', '50127416', '1986-12-13'),
(255, 'Venceslás', 'Barranco', '63737630', '2007-05-13'),
(256, 'Calixta', 'Bernal', '32265237', '2001-05-22'),
(257, 'Adrián', 'Sureda', '64208156', '2004-05-20'),
(258, 'Edgardo', 'Osuna', '32176736', '2007-02-04'),
(259, 'Sonia', 'Solera', '89347346', '1996-10-30'),
(260, 'Elisabet', 'Oliveras', '23734857', '1994-05-06'),
(261, 'Eutimio', 'Trujillo', '68299824', '1995-09-12'),
(262, 'Clemente', 'Barros', '50646144', '1991-12-08'),
(263, 'Julieta', 'Valderrama', '63431771', '1978-02-07'),
(264, 'Magdalena', 'Laguna', '99983370', '2002-01-13'),
(265, 'Demetrio', 'Antúnez', '62710819', '2000-06-06'),
(266, 'Noé', 'Calvet', '68815258', '1994-11-23'),
(267, 'Sosimo', 'Cuéllar', '88945543', '1993-07-14'),
(268, 'Angélica', 'Cadenas', '38777553', '1987-03-12'),
(269, 'León', 'Blanca', '93967530', '1986-09-06'),
(270, 'Manuel', 'Acuña', '66485720', '2007-03-30'),
(271, 'Leonardo', 'Bru', '60162465', '1978-12-13'),
(272, 'Susana', 'Collado', '13754316', '1980-06-15'),
(273, 'Reina', 'Paniagua', '51895097', '2005-03-27'),
(274, 'Plácido', 'Cuesta', '70033703', '1994-03-01'),
(275, 'Delia', 'Blanes', '35047565', '1996-10-04'),
(276, 'Caridad', 'Cordero', '87621191', '2005-02-11'),
(277, 'José Manuel', 'Castañeda', '17360442', '2001-04-18'),
(278, 'Irma', 'Abascal', '90177077', '1997-03-13'),
(279, 'Maribel', 'Montesinos', '32701214', '1971-12-21'),
(280, 'Palmira', 'Ramírez', '10221240', '2004-08-15'),
(281, 'Fortunato', 'Armas', '96790117', '1989-02-12'),
(282, 'Cleto', 'Llobet', '97837027', '2001-07-21'),
(283, 'Glauco', 'Diego', '87948516', '2001-09-29'),
(284, 'Pía', 'Juan', '58734051', '1983-07-23'),
(285, 'Virginia', 'Menéndez', '20032798', '1979-08-16'),
(286, 'Emigdio', 'Marin', '83696448', '1984-11-19'),
(287, 'Agustín', 'Pinto', '95594609', '1980-11-23'),
(288, 'Coral', 'Carrasco', '29252577', '2000-09-26'),
(289, 'Aníbal', 'Ramis', '55925512', '1998-05-31'),
(290, 'Leocadio', 'Guillen', '78839576', '1987-04-04'),
(291, 'Amalia', 'Cruz', '85306257', '1987-10-28'),
(292, 'Joaquina', 'Ayllón', '98476643', '1970-06-10'),
(293, 'Bonifacio', 'Guitart', '53968373', '2000-03-10'),
(294, 'Ágata', 'Caparrós', '82167700', '1981-07-19'),
(295, 'Purificación', 'Quesada', '97031466', '1996-09-19'),
(296, 'Jose Ignacio', 'Mosquera', '74339375', '1984-01-12'),
(297, 'Estela', 'Izaguirre', '51480189', '2003-03-25'),
(298, 'Rosalva', 'Arana', '20973781', '1978-07-18'),
(299, 'Juan Carlos', 'Bustamante', '73665086', '1970-05-16'),
(300, 'Dan', 'Paz', '76078201', '1974-10-12');

/*Inserción de Inscripciones*/
INSERT INTO inscripción(id_inscripcion, id_alumno, id_curso, id_institucion, fechaInscripcion, estado) VALUES
(1, 1, 38, 24, '2024-05-22', 'egresado'),
(2, 2, 9, 6, '2024-08-08', 'cursando'),
(3, 3, 21, 27, '2024-12-31', 'inscripto'),
(4, 4, 13, 9, '2024-09-21', 'egresado'),
(5, 5, 24, 33, '2024-08-14', 'cursando'),
(6, 6, 54, 11, '2025-04-11', 'cursando'),
(7, 7, 53, 31, '2025-02-24', 'cursando'),
(8, 8, 48, 22, '2025-02-25', 'inscripto'),
(9, 9, 30, 5, '2024-08-28', 'inscripto'),
(10, 10, 49, 15, '2025-02-14', 'egresado'),
(11, 11, 47, 26, '2024-09-29', 'egresado'),
(12, 12, 24, 6, '2025-03-15', 'cursando'),
(13, 13, 1, 17, '2024-09-06', 'egresado'),
(14, 14, 8, 30, '2025-04-04', 'cursando'),
(15, 15, 44, 17, '2025-02-15', 'egresado'),
(16, 16, 25, 24, '2024-09-24', 'inscripto'),
(17, 17, 44, 15, '2024-07-29', 'cursando'),
(18, 18, 2, 21, '2024-07-21', 'egresado'),
(19, 19, 15, 5, '2024-11-27', 'egresado'),
(20, 20, 53, 30, '2024-06-09', 'egresado'),
(21, 21, 20, 27, '2024-12-24', 'inscripto'),
(22, 22, 9, 3, '2025-02-09', 'inscripto'),
(23, 23, 20, 32, '2024-11-09', 'inscripto'),
(24, 24, 7, 16, '2024-08-11', 'egresado'),
(25, 25, 9, 25, '2024-06-13', 'cursando'),
(26, 26, 24, 27, '2025-01-28', 'egresado'),
(27, 27, 48, 10, '2024-12-27', 'cursando'),
(28, 28, 42, 7, '2024-06-16', 'cursando'),
(29, 29, 40, 27, '2024-06-26', 'cursando'),
(30, 30, 3, 24, '2025-01-17', 'inscripto'),
(31, 31, 29, 29, '2024-05-31', 'inscripto'),
(32, 32, 55, 24, '2025-01-12', 'inscripto'),
(33, 33, 44, 24, '2025-04-07', 'egresado'),
(34, 34, 42, 23, '2025-02-16', 'inscripto'),
(35, 35, 26, 18, '2024-11-05', 'inscripto'),
(36, 36, 8, 30, '2025-04-27', 'inscripto'),
(37, 37, 43, 14, '2024-09-29', 'egresado'),
(38, 38, 41, 2, '2024-12-25', 'inscripto'),
(39, 39, 51, 22, '2024-12-30', 'inscripto'),
(40, 40, 9, 14, '2025-01-30', 'inscripto'),
(41, 41, 54, 14, '2025-04-01', 'egresado'),
(42, 42, 14, 15, '2024-10-22', 'cursando'),
(43, 43, 50, 10, '2025-04-11', 'egresado'),
(44, 44, 1, 18, '2025-04-02', 'inscripto'),
(45, 45, 9, 17, '2025-01-06', 'inscripto'),
(46, 46, 8, 2, '2024-11-25', 'inscripto'),
(47, 47, 1, 23, '2024-09-28', 'inscripto'),
(48, 48, 38, 21, '2024-12-22', 'inscripto'),
(49, 49, 12, 17, '2024-08-04', 'inscripto'),
(50, 50, 9, 27, '2025-03-06', 'egresado'),
(51, 51, 8, 5, '2024-09-13', 'cursando'),
(52, 52, 29, 24, '2025-02-15', 'egresado'),
(53, 53, 38, 7, '2024-11-22', 'cursando'),
(54, 54, 33, 15, '2025-03-28', 'egresado'),
(55, 55, 3, 20, '2024-11-15', 'cursando'),
(56, 56, 42, 2, '2025-02-12', 'inscripto'),
(57, 57, 31, 26, '2024-10-20', 'cursando'),
(58, 58, 44, 7, '2025-02-24', 'cursando'),
(59, 59, 46, 29, '2025-04-01', 'inscripto'),
(60, 60, 6, 21, '2025-02-12', 'egresado'),
(61, 61, 10, 5, '2025-02-22', 'inscripto'),
(62, 62, 18, 21, '2024-09-07', 'cursando'),
(63, 63, 39, 19, '2024-09-29', 'cursando'),
(64, 64, 33, 28, '2024-06-12', 'inscripto'),
(65, 65, 51, 8, '2024-10-22', 'egresado'),
(66, 66, 42, 14, '2024-11-17', 'cursando'),
(67, 67, 29, 15, '2024-08-30', 'cursando'),
(68, 68, 22, 30, '2024-11-08', 'cursando'),
(69, 69, 27, 7, '2024-12-03', 'cursando'),
(70, 70, 28, 21, '2025-04-27', 'egresado'),
(71, 71, 17, 24, '2024-09-20', 'inscripto'),
(72, 72, 44, 31, '2024-09-24', 'inscripto'),
(73, 73, 6, 6, '2025-02-20', 'inscripto'),
(74, 74, 28, 7, '2024-07-01', 'egresado'),
(75, 75, 48, 24, '2024-05-28', 'inscripto'),
(76, 76, 36, 4, '2024-11-27', 'egresado'),
(77, 77, 36, 22, '2024-12-17', 'egresado'),
(78, 78, 8, 27, '2025-02-09', 'cursando'),
(79, 79, 43, 28, '2024-10-09', 'egresado'),
(80, 80, 4, 19, '2025-03-23', 'egresado'),
(81, 81, 20, 23, '2025-04-15', 'inscripto'),
(82, 82, 37, 33, '2025-03-25', 'inscripto'),
(83, 83, 10, 31, '2024-12-30', 'inscripto'),
(84, 84, 55, 7, '2024-06-24', 'cursando'),
(85, 85, 55, 24, '2024-10-22', 'inscripto'),
(86, 86, 49, 18, '2025-02-25', 'egresado'),
(87, 87, 15, 28, '2024-06-27', 'egresado'),
(88, 88, 50, 2, '2025-01-30', 'egresado'),
(89, 89, 43, 18, '2024-09-25', 'inscripto'),
(90, 90, 12, 18, '2024-07-26', 'egresado'),
(91, 91, 49, 20, '2024-07-23', 'cursando'),
(92, 92, 23, 1, '2025-03-17', 'inscripto'),
(93, 93, 10, 26, '2024-11-10', 'inscripto'),
(94, 94, 10, 2, '2024-08-27', 'inscripto'),
(95, 95, 48, 14, '2025-03-27', 'cursando'),
(96, 96, 27, 30, '2024-12-06', 'cursando'),
(97, 97, 11, 24, '2024-08-12', 'cursando'),
(98, 98, 47, 21, '2024-07-25', 'egresado'),
(99, 99, 39, 6, '2025-02-06', 'inscripto'),
(100, 100, 10, 11, '2025-01-11', 'egresado'),
(101, 101, 4, 6, '2024-12-26', 'cursando'),
(102, 102, 29, 28, '2024-12-08', 'cursando'),
(103, 103, 39, 29, '2025-04-24', 'cursando'),
(104, 104, 18, 14, '2024-12-18', 'egresado'),
(105, 105, 8, 23, '2025-04-26', 'cursando'),
(106, 106, 8, 19, '2025-05-11', 'egresado'),
(107, 107, 44, 32, '2024-08-16', 'egresado'),
(108, 108, 43, 20, '2024-09-19', 'inscripto'),
(109, 109, 15, 26, '2024-06-01', 'egresado'),
(110, 110, 4, 1, '2024-10-27', 'inscripto'),
(111, 111, 20, 14, '2024-10-07', 'inscripto'),
(112, 112, 49, 17, '2025-05-03', 'cursando'),
(113, 113, 21, 8, '2024-09-13', 'inscripto'),
(114, 114, 32, 28, '2024-11-05', 'inscripto'),
(115, 115, 9, 25, '2024-11-23', 'egresado'),
(116, 116, 46, 15, '2024-05-25', 'egresado'),
(117, 117, 36, 23, '2024-11-16', 'inscripto'),
(118, 118, 26, 3, '2024-11-02', 'cursando'),
(119, 119, 2, 30, '2024-10-04', 'inscripto'),
(120, 120, 21, 28, '2025-04-19', 'egresado'),
(121, 121, 26, 27, '2025-03-27', 'cursando'),
(122, 122, 8, 26, '2024-11-06', 'inscripto'),
(123, 123, 21, 11, '2024-10-23', 'egresado'),
(124, 124, 30, 24, '2025-02-23', 'inscripto'),
(125, 125, 28, 7, '2024-12-16', 'inscripto'),
(126, 126, 28, 26, '2025-03-13', 'egresado'),
(127, 127, 6, 26, '2024-05-24', 'cursando'),
(128, 128, 48, 22, '2025-04-30', 'inscripto'),
(129, 129, 22, 11, '2024-06-01', 'inscripto'),
(130, 130, 33, 8, '2024-10-08', 'egresado'),
(131, 131, 33, 13, '2024-08-02', 'cursando'),
(132, 132, 23, 10, '2025-04-01', 'inscripto'),
(133, 133, 7, 10, '2025-04-04', 'cursando'),
(134, 134, 13, 12, '2024-12-17', 'egresado'),
(135, 135, 10, 5, '2024-11-15', 'inscripto'),
(136, 136, 50, 32, '2024-11-13', 'cursando'),
(137, 137, 49, 29, '2024-06-02', 'egresado'),
(138, 138, 37, 21, '2025-01-25', 'egresado'),
(139, 139, 21, 10, '2025-02-18', 'cursando'),
(140, 140, 5, 31, '2025-04-02', 'cursando'),
(141, 141, 41, 20, '2024-07-06', 'cursando'),
(142, 142, 38, 4, '2024-10-12', 'cursando'),
(143, 143, 33, 5, '2025-01-29', 'cursando'),
(144, 144, 30, 29, '2024-09-12', 'inscripto'),
(145, 145, 4, 24, '2024-10-28', 'cursando'),
(146, 146, 5, 6, '2025-01-31', 'egresado'),
(147, 147, 39, 33, '2024-12-31', 'cursando'),
(148, 148, 30, 3, '2024-08-23', 'cursando'),
(149, 149, 52, 13, '2024-12-17', 'cursando'),
(150, 150, 39, 31, '2024-09-17', 'egresado'),
(151, 151, 10, 4, '2025-01-08', 'cursando'),
(152, 152, 7, 22, '2024-10-17', 'egresado'),
(153, 153, 6, 33, '2025-01-22', 'egresado'),
(154, 154, 12, 3, '2024-12-27', 'inscripto'),
(155, 155, 46, 29, '2025-04-24', 'cursando'),
(156, 156, 34, 11, '2025-05-03', 'cursando'),
(157, 157, 24, 19, '2024-08-19', 'cursando'),
(158, 158, 27, 22, '2025-04-14', 'egresado'),
(159, 159, 39, 4, '2024-08-17', 'egresado'),
(160, 160, 42, 22, '2025-01-24', 'inscripto'),
(161, 161, 22, 7, '2024-11-30', 'egresado'),
(162, 162, 44, 25, '2025-01-03', 'cursando'),
(163, 163, 17, 10, '2025-03-23', 'cursando'),
(164, 164, 6, 10, '2024-07-04', 'cursando'),
(165, 165, 20, 26, '2025-03-16', 'inscripto'),
(166, 166, 39, 6, '2024-12-01', 'cursando'),
(167, 167, 36, 25, '2024-07-30', 'egresado'),
(168, 168, 51, 22, '2025-01-18', 'inscripto'),
(169, 169, 43, 6, '2024-08-08', 'egresado'),
(170, 170, 43, 28, '2025-02-08', 'egresado'),
(171, 171, 24, 2, '2024-06-26', 'cursando'),
(172, 172, 20, 12, '2024-09-20', 'inscripto'),
(173, 173, 22, 32, '2025-05-12', 'inscripto'),
(174, 174, 15, 9, '2024-09-08', 'inscripto'),
(175, 175, 5, 19, '2024-11-20', 'inscripto'),
(176, 176, 33, 3, '2024-12-03', 'egresado'),
(177, 177, 22, 9, '2024-07-08', 'egresado'),
(178, 178, 25, 10, '2025-01-12', 'inscripto'),
(179, 179, 12, 11, '2024-06-09', 'egresado'),
(180, 180, 29, 3, '2025-01-04', 'cursando'),
(181, 181, 24, 16, '2025-01-25', 'cursando'),
(182, 182, 40, 19, '2024-07-04', 'egresado'),
(183, 183, 51, 29, '2024-06-19', 'inscripto'),
(184, 184, 35, 16, '2024-07-16', 'cursando'),
(185, 185, 52, 31, '2024-12-04', 'inscripto'),
(186, 186, 24, 29, '2024-07-01', 'cursando'),
(187, 187, 50, 19, '2024-06-07', 'cursando'),
(188, 188, 33, 27, '2024-08-21', 'inscripto'),
(189, 189, 53, 13, '2025-01-18', 'egresado'),
(190, 190, 9, 17, '2025-01-14', 'inscripto'),
(191, 191, 42, 31, '2024-08-21', 'cursando'),
(192, 192, 36, 7, '2025-02-10', 'egresado'),
(193, 193, 55, 8, '2025-03-30', 'cursando'),
(194, 194, 6, 11, '2025-05-16', 'cursando'),
(195, 195, 29, 33, '2024-06-23', 'inscripto'),
(196, 196, 54, 28, '2025-01-04', 'inscripto'),
(197, 197, 15, 29, '2024-05-26', 'cursando'),
(198, 198, 2, 27, '2025-02-05', 'inscripto'),
(199, 199, 26, 33, '2024-07-18', 'cursando'),
(200, 200, 16, 25, '2024-11-14', 'inscripto'),
(201, 201, 24, 15, '2024-09-01', 'inscripto'),
(202, 202, 21, 7, '2025-03-30', 'egresado'),
(203, 203, 42, 22, '2025-04-18', 'inscripto'),
(204, 204, 9, 3, '2025-05-15', 'cursando'),
(205, 205, 54, 31, '2024-11-06', 'egresado'),
(206, 206, 54, 9, '2024-09-29', 'egresado'),
(207, 207, 31, 29, '2024-08-07', 'egresado'),
(208, 208, 1, 6, '2024-09-10', 'inscripto'),
(209, 209, 17, 14, '2024-07-12', 'inscripto'),
(210, 210, 36, 28, '2025-05-05', 'inscripto'),
(211, 211, 50, 19, '2024-06-25', 'inscripto'),
(212, 212, 20, 8, '2024-06-26', 'inscripto'),
(213, 213, 16, 27, '2024-11-16', 'egresado'),
(214, 214, 51, 30, '2024-07-21', 'inscripto'),
(215, 215, 8, 32, '2024-08-29', 'egresado'),
(216, 216, 35, 2, '2025-01-16', 'egresado'),
(217, 217, 33, 16, '2024-05-31', 'egresado'),
(218, 218, 10, 19, '2024-11-11', 'cursando'),
(219, 219, 1, 23, '2025-02-16', 'inscripto'),
(220, 220, 37, 27, '2025-05-14', 'inscripto'),
(221, 221, 43, 6, '2024-08-04', 'egresado'),
(222, 222, 24, 5, '2024-08-02', 'egresado'),
(223, 223, 35, 33, '2024-08-24', 'egresado'),
(224, 224, 36, 2, '2024-06-23', 'cursando'),
(225, 225, 31, 3, '2024-10-24', 'egresado'),
(226, 226, 25, 24, '2025-02-17', 'cursando'),
(227, 227, 48, 2, '2024-08-06', 'cursando'),
(228, 228, 51, 5, '2025-03-13', 'cursando'),
(229, 229, 16, 7, '2024-08-08', 'egresado'),
(230, 230, 48, 22, '2024-12-25', 'inscripto'),
(231, 231, 3, 23, '2024-08-30', 'egresado'),
(232, 232, 22, 12, '2024-10-24', 'egresado'),
(233, 233, 30, 31, '2024-12-18', 'egresado'),
(234, 234, 12, 9, '2024-07-23', 'inscripto'),
(235, 235, 46, 30, '2024-11-07', 'inscripto'),
(236, 236, 19, 13, '2024-10-24', 'inscripto'),
(237, 237, 51, 13, '2025-05-02', 'inscripto'),
(238, 238, 21, 20, '2025-02-28', 'egresado'),
(239, 239, 26, 31, '2024-11-24', 'cursando'),
(240, 240, 3, 13, '2024-07-06', 'cursando'),
(241, 241, 23, 4, '2024-11-11', 'egresado'),
(242, 242, 22, 18, '2024-12-10', 'inscripto'),
(243, 243, 52, 24, '2024-06-08', 'cursando'),
(244, 244, 26, 29, '2025-01-31', 'cursando'),
(245, 245, 22, 12, '2024-11-22', 'cursando'),
(246, 246, 45, 32, '2024-12-10', 'cursando'),
(247, 247, 52, 18, '2025-02-05', 'inscripto'),
(248, 248, 47, 28, '2025-01-27', 'inscripto'),
(249, 249, 28, 12, '2024-10-31', 'egresado'),
(250, 250, 19, 21, '2024-07-26', 'inscripto'),
(251, 251, 6, 21, '2024-07-30', 'egresado'),
(252, 252, 19, 20, '2025-05-11', 'cursando'),
(253, 253, 39, 28, '2025-04-23', 'inscripto'),
(254, 254, 45, 29, '2024-06-04', 'cursando'),
(255, 255, 29, 3, '2025-01-14', 'egresado'),
(256, 256, 23, 28, '2024-11-14', 'cursando'),
(257, 257, 41, 4, '2024-08-23', 'inscripto'),
(258, 258, 43, 26, '2024-11-04', 'cursando'),
(259, 259, 33, 11, '2024-09-05', 'inscripto'),
(260, 260, 10, 29, '2025-03-02', 'inscripto'),
(261, 261, 9, 5, '2025-05-04', 'inscripto'),
(262, 262, 50, 24, '2024-07-05', 'cursando'),
(263, 263, 25, 3, '2025-03-24', 'egresado'),
(264, 264, 10, 29, '2025-04-21', 'cursando'),
(265, 265, 24, 29, '2025-05-08', 'inscripto'),
(266, 266, 37, 9, '2024-09-19', 'egresado'),
(267, 267, 24, 26, '2025-03-06', 'cursando'),
(268, 268, 42, 18, '2025-01-13', 'inscripto'),
(269, 269, 8, 2, '2025-03-31', 'egresado'),
(270, 270, 12, 32, '2024-08-15', 'egresado'),
(271, 271, 25, 8, '2024-08-06', 'cursando'),
(272, 272, 50, 17, '2024-09-22', 'egresado'),
(273, 273, 29, 14, '2025-01-27', 'egresado'),
(274, 274, 19, 32, '2025-04-17', 'inscripto'),
(275, 275, 8, 9, '2024-09-18', 'inscripto'),
(276, 276, 29, 12, '2024-06-02', 'egresado'),
(277, 277, 29, 6, '2024-08-11', 'egresado'),
(278, 278, 55, 21, '2024-09-15', 'egresado'),
(279, 279, 23, 5, '2025-03-29', 'egresado'),
(280, 280, 35, 19, '2025-02-06', 'cursando'),
(281, 281, 55, 11, '2024-11-29', 'egresado'),
(282, 282, 46, 12, '2025-01-01', 'cursando'),
(283, 283, 33, 15, '2024-06-06', 'inscripto'),
(284, 284, 13, 9, '2024-08-12', 'inscripto'),
(285, 285, 51, 32, '2025-03-23', 'inscripto'),
(286, 286, 24, 24, '2025-02-25', 'cursando'),
(287, 287, 52, 9, '2024-07-23', 'egresado'),
(288, 288, 6, 5, '2024-11-09', 'cursando'),
(289, 289, 26, 31, '2024-06-11', 'egresado'),
(290, 290, 27, 27, '2025-02-02', 'egresado'),
(291, 291, 5, 9, '2025-04-21', 'cursando'),
(292, 292, 42, 5, '2025-01-04', 'cursando'),
(293, 293, 30, 23, '2025-01-20', 'inscripto'),
(294, 294, 54, 12, '2024-07-27', 'inscripto'),
(295, 295, 28, 33, '2025-01-09', 'inscripto'),
(296, 296, 54, 8, '2024-09-08', 'egresado'),
(297, 297, 10, 20, '2025-02-16', 'inscripto'),
(298, 298, 11, 21, '2025-02-25', 'egresado'),
(299, 299, 15, 23, '2024-06-09', 'egresado'),
(300, 300, 19, 6, '2025-01-10', 'cursando');

/*Inserción de USUARIOS*/
INSERT INTO usuario(id_usuario, usuario, contraseña, email, rol, intentosfallidos, bloqueadohasta, id_institución) VALUES
(1, 'inst_user1', 'clave123', 'inst_user1@ejemplo.com', 'Institucion', 2, NULL, 18),
(2, 'inst_user2', 'clave123', 'inst_user2@ejemplo.com', 'Institucion', 0, NULL, 20),
(3, 'inst_user3', 'clave123', 'inst_user3@ejemplo.com', 'Institucion', 2, NULL, 6),
(4, 'inst_user4', 'clave123', 'inst_user4@ejemplo.com', 'Institucion', 2, NULL, 11),
(5, 'inst_user5', 'clave123', 'inst_user5@ejemplo.com', 'Institucion', 2, NULL, 10),
(6, 'inst_user6', 'clave123', 'inst_user6@ejemplo.com', 'Institucion', 0, NULL, 22),
(7, 'inst_user7', 'clave123', 'inst_user7@ejemplo.com', 'Institucion', 2, NULL, 3),
(8, 'inst_user8', 'clave123', 'inst_user8@ejemplo.com', 'Institucion', 0, NULL, 6),
(9, 'inst_user9', 'clave123', 'inst_user9@ejemplo.com', 'Institucion', 0, NULL, 17),
(10, 'inst_user10', 'clave123', 'inst_user10@ejemplo.com', 'Institucion', 2, NULL, 14),
(11, 'dep_user1', 'clave123', 'dep_user1@ejemplo.com', 'Departamento', 2, NULL, NULL),
(12, 'dep_user2', 'clave123', 'dep_user2@ejemplo.com', 'Departamento', 1, NULL, NULL),
(13, 'dep_user3', 'clave123', 'dep_user3@ejemplo.com', 'Departamento', 2, NULL, NULL);
